experiment_id,antibody_id,antigen_id
H5.3__EPI2800361,H5.3,EPI2800361
AVFluIgG01__EPI454493,AVFluIgG01,EPI454493
13D4__EPI687187,13D4,EPI687187
FLD194__EPI340788,FLD194,EPI340788
13D4__EPI1158808,13D4,EPI1158808
H5.3__EPI1328383,H5.3,EPI1328383
12H5__EPI467792,12H5,EPI467792
12H5__EPI355443,12H5,EPI355443
3C11__EPI275862,3C11,EPI275862
FLD21.140__EPI275758,FLD21.140,EPI275758
13D4__EPI275790,13D4,EPI275790
100F4__EPI3158642,100F4,EPI3158642
3C11__EPI340399,3C11,EPI340399
3C11__EPI234494,3C11,EPI234494
13D4__EPI275974,13D4,EPI275974
AVFluIgG01__EPI1381432,AVFluIgG01,EPI1381432
FLD194__EPI214889,FLD194,EPI214889
3C11__EPI2580113,3C11,EPI2580113
FLD194__EPI235171,FLD194,EPI235171
65C6__EPI25011,65C6,EPI25011
FLD194__EPI235072,FLD194,EPI235072
3C11__EPI533388,3C11,EPI533388
FLD194__EPI940674,FLD194,EPI940674
3C11__EPI107843,3C11,EPI107843
65C6__EPI234497,65C6,EPI234497
65C6__EPI2467482,65C6,EPI2467482
H5.3__EPI318210,H5.3,EPI318210
12H5__EPI371190,12H5,EPI371190
AVFluIgG03__EPI359214,AVFluIgG03,EPI359214
H5.3__EPI101843,H5.3,EPI101843
3C11__EPI2580054,3C11,EPI2580054
H5.3__EPI2300436,H5.3,EPI2300436
H5.3__EPI234497,H5.3,EPI234497
AVFluIgG01__EPI1536787,AVFluIgG01,EPI1536787
FLD21.140__EPI226845,FLD21.140,EPI226845
H5M9__EPI168674,H5M9,EPI168674
FLD21.140__EPI356510,FLD21.140,EPI356510
12H5__EPI259006,12H5,EPI259006
100F4__EPI242227,100F4,EPI242227
H5M9__EPI559078,H5M9,EPI559078
65C6__EPI4801,65C6,EPI4801
AVFluIgG03__EPI167665,AVFluIgG03,EPI167665
FLD194__EPI284432,FLD194,EPI284432
H5.3__EPI559078,H5.3,EPI559078
FLD21.140__EPI101843,FLD21.140,EPI101843
H5.3__EPI222476,H5.3,EPI222476
AVFluIgG01__EPI2856448,AVFluIgG01,EPI2856448
H5.3__EPI475563,H5.3,EPI475563
65C6__EPI359214,65C6,EPI359214
12H5__EPI1552374,12H5,EPI1552374
3C11__EPI359864,3C11,EPI359864
12H5__EPI1158808,12H5,EPI1158808
3C11__EPI1947325,3C11,EPI1947325
65C6__EPI275974,65C6,EPI275974
FLD194__EPI3178330,FLD194,EPI3178330
H5M9__EPI340796,H5M9,EPI340796
FLD194__EPI492324,FLD194,EPI492324
12H5__EPI492324,12H5,EPI492324
65C6__EPI275790,65C6,EPI275790
AVFluIgG03__EPI492324,AVFluIgG03,EPI492324
FLD194__EPI475563,FLD194,EPI475563
13D4__EPI2429052,13D4,EPI2429052
AVFluIgG01__EPI1303228,AVFluIgG01,EPI1303228
AVFluIgG01__EPI940674,AVFluIgG01,EPI940674
FLD21.140__EPI340788,FLD21.140,EPI340788
3C11__EPI597824,3C11,EPI597824
FLD21.140__EPI235902,FLD21.140,EPI235902
3C11__EPI109421,3C11,EPI109421
3C11__EPI533432,3C11,EPI533432
H5.3__EPI9640,H5.3,EPI9640
H5M9__EPI3158642,H5M9,EPI3158642
65C6__EPI600770,65C6,EPI600770
H5M9__EPI167553,H5M9,EPI167553
3C11__EPI221986,3C11,EPI221986
H5M9__EPI2856448,H5M9,EPI2856448
AVFluIgG03__EPI275758,AVFluIgG03,EPI275758
AVFluIgG01__EPI3009059,AVFluIgG01,EPI3009059
FLD194__EPI2580115,FLD194,EPI2580115
AVFluIgG03__EPI1536787,AVFluIgG03,EPI1536787
H5M9__EPI1328383,H5M9,EPI1328383
FLD21.140__EPI222018,FLD21.140,EPI222018
13D4__EPI167665,13D4,EPI167665
100F4__EPI283783,100F4,EPI283783
12H5__EPI235072,12H5,EPI235072
AVFluIgG01__EPI1989804,AVFluIgG01,EPI1989804
100F4__EPI1990120,100F4,EPI1990120
13D4__EPI471131,13D4,EPI471131
65C6__EPI1694134,65C6,EPI1694134
H5.3__EPI687187,H5.3,EPI687187
FLD21.140__EPI1887774,FLD21.140,EPI1887774
H5.3__EPI533432,H5.3,EPI533432
100F4__EPI226841,100F4,EPI226841
3C11__EPI1989804,3C11,EPI1989804
FLD194__EPI123402,FLD194,EPI123402
H5M9__EPI448231,H5M9,EPI448231
100F4__EPI359882,100F4,EPI359882
100F4__EPI2574086,100F4,EPI2574086
H5M9__EPI467792,H5M9,EPI467792
13D4__EPI1887774,13D4,EPI1887774
FLD194__EPI559098,FLD194,EPI559098
65C6__EPI318210,65C6,EPI318210
H5.3__EPI492324,H5.3,EPI492324
65C6__EPI2856448,65C6,EPI2856448
H5.3__EPI97199,H5.3,EPI97199
AVFluIgG03__EPI597820,AVFluIgG03,EPI597820
65C6__EPI25072,65C6,EPI25072
AVFluIgG01__EPI2584443,AVFluIgG01,EPI2584443
AVFluIgG01__EPI109421,AVFluIgG01,EPI109421
65C6__EPI275862,65C6,EPI275862
100F4__EPI1552374,100F4,EPI1552374
65C6__EPI340399,65C6,EPI340399
AVFluIgG03__EPI226845,AVFluIgG03,EPI226845
FLD21.140__EPI284432,FLD21.140,EPI284432
FLD21.140__EPI318210,FLD21.140,EPI318210
H5.3__EPI328886,H5.3,EPI328886
AVFluIgG01__EPI1947325,AVFluIgG01,EPI1947325
100F4__EPI559109,100F4,EPI559109
65C6__EPI653115,65C6,EPI653115
AVFluIgG03__EPI3178330,AVFluIgG03,EPI3178330
FLD194__EPI1990120,FLD194,EPI1990120
AVFluIgG03__EPI1156382,AVFluIgG03,EPI1156382
3C11__EPI600770,3C11,EPI600770
H5M9__EPI2580134,H5M9,EPI2580134
100F4__EPI559078,100F4,EPI559078
H5.3__EPI257054,H5.3,EPI257054
12H5__EPI25011,12H5,EPI25011
H5.3__EPI275878,H5.3,EPI275878
H5M9__EPI398581,H5M9,EPI398581
AVFluIgG03__EPI243001,AVFluIgG03,EPI243001
3C11__EPI2580115,3C11,EPI2580115
100F4__EPI239055,100F4,EPI239055
FLD194__EPI454493,FLD194,EPI454493
H5.3__EPI355443,H5.3,EPI355443
FLD21.140__EPI116497,FLD21.140,EPI116497
100F4__EPI167553,100F4,EPI167553
FLD21.140__EPI226841,FLD21.140,EPI226841
FLD194__EPI275822,FLD194,EPI275822
AVFluIgG03__EPI356510,AVFluIgG03,EPI356510
65C6__EPI123402,65C6,EPI123402
AVFluIgG01__EPI600770,AVFluIgG01,EPI600770
3C11__EPI275758,3C11,EPI275758
AVFluIgG01__EPI2419700,AVFluIgG01,EPI2419700
65C6__EPI2573872,65C6,EPI2573872
100F4__EPI2580066,100F4,EPI2580066
3C11__EPI168674,3C11,EPI168674
AVFluIgG03__EPI340399,AVFluIgG03,EPI340399
FLD21.140__EPI2017747,FLD21.140,EPI2017747
FLD21.140__EPI369182,FLD21.140,EPI369182
AVFluIgG01__EPI2580084,AVFluIgG01,EPI2580084
H5M9__EPI1650,H5M9,EPI1650
65C6__EPI167553,65C6,EPI167553
65C6__EPI533432,65C6,EPI533432
AVFluIgG03__EPI371190,AVFluIgG03,EPI371190
H5.3__EPI275974,H5.3,EPI275974
100F4__EPI22627,100F4,EPI22627
100F4__EPI4801,100F4,EPI4801
3C11__EPI275782,3C11,EPI275782
FLD194__EPI328886,FLD194,EPI328886
H5M9__EPI533427,H5M9,EPI533427
H5M9__EPI4801,H5M9,EPI4801
AVFluIgG03__EPI341364,AVFluIgG03,EPI341364
AVFluIgG01__EPI2300436,AVFluIgG01,EPI2300436
FLD194__EPI257053,FLD194,EPI257053
AVFluIgG03__EPI254385,AVFluIgG03,EPI254385
FLD21.140__EPI471131,FLD21.140,EPI471131
AVFluIgG01__EPI475563,AVFluIgG01,EPI475563
AVFluIgG03__EPI275878,AVFluIgG03,EPI275878
65C6__EPI3158642,65C6,EPI3158642
AVFluIgG01__EPI9640,AVFluIgG01,EPI9640
FLD21.140__EPI107843,FLD21.140,EPI107843
AVFluIgG03__EPI168674,AVFluIgG03,EPI168674
FLD194__EPI226839,FLD194,EPI226839
H5M9__EPI3178330,H5M9,EPI3178330
AVFluIgG03__EPI1517056,AVFluIgG03,EPI1517056
3C11__EPI1517056,3C11,EPI1517056
AVFluIgG01__EPI3178330,AVFluIgG01,EPI3178330
H5M9__EPI559109,H5M9,EPI559109
65C6__EPI492324,65C6,EPI492324
65C6__EPI2116742,65C6,EPI2116742
3C11__EPI3178330,3C11,EPI3178330
13D4__EPI2580084,13D4,EPI2580084
12H5__EPI808932,12H5,EPI808932
65C6__EPI214889,65C6,EPI214889
FLD194__EPI107813,FLD194,EPI107813
H5.3__EPI235902,H5.3,EPI235902
AVFluIgG01__EPI257058,AVFluIgG01,EPI257058
FLD21.140__EPI275822,FLD21.140,EPI275822
H5.3__EPI2017778,H5.3,EPI2017778
AVFluIgG01__EPI22627,AVFluIgG01,EPI22627
13D4__EPI168674,13D4,EPI168674
H5M9__EPI537677,H5M9,EPI537677
12H5__EPI234497,12H5,EPI234497
FLD21.140__EPI454493,FLD21.140,EPI454493
H5.3__EPI2580066,H5.3,EPI2580066
13D4__EPI1650,13D4,EPI1650
FLD21.140__EPI559109,FLD21.140,EPI559109
100F4__EPI257055,100F4,EPI257055
H5M9__EPI2800377,H5M9,EPI2800377
100F4__EPI687187,100F4,EPI687187
3C11__EPI226839,3C11,EPI226839
H5.3__EPI359882,H5.3,EPI359882
65C6__EPI310238,65C6,EPI310238
AVFluIgG03__EPI2580187,AVFluIgG03,EPI2580187
FLD21.140__EPI1990120,FLD21.140,EPI1990120
65C6__EPI537677,65C6,EPI537677
H5M9__EPI222018,H5M9,EPI222018
12H5__EPI597824,12H5,EPI597824
H5.3__EPI4801,H5.3,EPI4801
AVFluIgG03__EPI675773,AVFluIgG03,EPI675773
13D4__EPI284432,13D4,EPI284432
12H5__EPI2580066,12H5,EPI2580066
H5M9__EPI275822,H5M9,EPI275822
H5M9__EPI257053,H5M9,EPI257053
AVFluIgG01__EPI414084,AVFluIgG01,EPI414084
FLD21.140__EPI314033,FLD21.140,EPI314033
H5M9__EPI597820,H5M9,EPI597820
12H5__EPI101875,12H5,EPI101875
13D4__EPI340788,13D4,EPI340788
3C11__EPI764389,3C11,EPI764389
AVFluIgG01__EPI310238,AVFluIgG01,EPI310238
AVFluIgG01__EPI340796,AVFluIgG01,EPI340796
FLD194__EPI275758,FLD194,EPI275758
12H5__EPI1989697,12H5,EPI1989697
AVFluIgG03__EPI125662,AVFluIgG03,EPI125662
100F4__EPI2419700,100F4,EPI2419700
13D4__EPI359867,13D4,EPI359867
H5.3__EPI3178330,H5.3,EPI3178330
H5.3__EPI275822,H5.3,EPI275822
FLD194__EPI314033,FLD194,EPI314033
FLD21.140__EPI359214,FLD21.140,EPI359214
13D4__EPI2035785,13D4,EPI2035785
H5M9__EPI1990120,H5M9,EPI1990120
13D4__EPI235072,13D4,EPI235072
H5M9__EPI25072,H5M9,EPI25072
12H5__EPI335206,12H5,EPI335206
100F4__EPI167665,100F4,EPI167665
13D4__EPI2800377,13D4,EPI2800377
100F4__EPI537677,100F4,EPI537677
3C11__EPI398310,3C11,EPI398310
13D4__EPI2035782,13D4,EPI2035782
AVFluIgG01__EPI2017778,AVFluIgG01,EPI2017778
FLD21.140__EPI1328383,FLD21.140,EPI1328383
65C6__EPI589108,65C6,EPI589108
AVFluIgG03__EPI226839,AVFluIgG03,EPI226839
FLD194__EPI235902,FLD194,EPI235902
AVFluIgG03__EPI2017755,AVFluIgG03,EPI2017755
AVFluIgG03__EPI414084,AVFluIgG03,EPI414084
AVFluIgG01__EPI1990120,AVFluIgG01,EPI1990120
H5M9__EPI359214,H5M9,EPI359214
AVFluIgG01__EPI222018,AVFluIgG01,EPI222018
100F4__EPI1158808,100F4,EPI1158808
FLD21.140__EPI2580115,FLD21.140,EPI2580115
AVFluIgG03__EPI257053,AVFluIgG03,EPI257053
12H5__EPI107843,12H5,EPI107843
3C11__EPI259006,3C11,EPI259006
100F4__EPI341364,100F4,EPI341364
FLD21.140__EPI21062,FLD21.140,EPI21062
H5.3__EPI2580187,H5.3,EPI2580187
AVFluIgG01__EPI893474,AVFluIgG01,EPI893474
H5M9__EPI21062,H5M9,EPI21062
13D4__EPI283787,13D4,EPI283787
AVFluIgG01__EPI283783,AVFluIgG01,EPI283783
13D4__EPI2144291,13D4,EPI2144291
AVFluIgG01__EPI354429,AVFluIgG01,EPI354429
FLD21.140__EPI597824,FLD21.140,EPI597824
H5M9__EPI257054,H5M9,EPI257054
H5M9__EPI355443,H5M9,EPI355443
H5.3__EPI537677,H5.3,EPI537677
13D4__EPI533432,13D4,EPI533432
65C6__EPI109421,65C6,EPI109421
100F4__EPI2437547,100F4,EPI2437547
FLD194__EPI331854,FLD194,EPI331854
3C11__EPI321295,3C11,EPI321295
FLD194__EPI2035782,FLD194,EPI2035782
65C6__EPI2580084,65C6,EPI2580084
65C6__EPI340788,65C6,EPI340788
12H5__EPI257055,12H5,EPI257055
H5M9__EPI764389,H5M9,EPI764389
H5.3__EPI275782,H5.3,EPI275782
H5M9__EPI675773,H5M9,EPI675773
12H5__EPI593757,12H5,EPI593757
FLD194__EPI239055,FLD194,EPI239055
AVFluIgG01__EPI2198548,AVFluIgG01,EPI2198548
FLD194__EPI1381432,FLD194,EPI1381432
FLD194__EPI97199,FLD194,EPI97199
H5.3__EPI2580084,H5.3,EPI2580084
13D4__EPI3158642,13D4,EPI3158642
FLD194__EPI356510,FLD194,EPI356510
13D4__EPI593757,13D4,EPI593757
AVFluIgG03__EPI275990,AVFluIgG03,EPI275990
100F4__EPI2580115,100F4,EPI2580115
65C6__EPI275758,65C6,EPI275758
H5.3__EPI2429052,H5.3,EPI2429052
3C11__EPI105698,3C11,EPI105698
H5.3__EPI2467482,H5.3,EPI2467482
AVFluIgG03__EPI22627,AVFluIgG03,EPI22627
100F4__EPI448231,100F4,EPI448231
12H5__EPI2116742,12H5,EPI2116742
12H5__EPI420386,12H5,EPI420386
AVFluIgG03__EPI222476,AVFluIgG03,EPI222476
13D4__EPI328886,13D4,EPI328886
12H5__EPI1887774,12H5,EPI1887774
65C6__EPI448231,65C6,EPI448231
AVFluIgG01__EPI105698,AVFluIgG01,EPI105698
13D4__EPI234494,13D4,EPI234494
13D4__EPI398310,13D4,EPI398310
AVFluIgG03__EPI214889,AVFluIgG03,EPI214889
100F4__EPI359864,100F4,EPI359864
H5.3__EPI589108,H5.3,EPI589108
H5.3__EPI257053,H5.3,EPI257053
H5.3__EPI321295,H5.3,EPI321295
FLD194__EPI275974,FLD194,EPI275974
AVFluIgG01__EPI275758,AVFluIgG01,EPI275758
3C11__EPI257058,3C11,EPI257058
FLD194__EPI3158642,FLD194,EPI3158642
100F4__EPI2467482,100F4,EPI2467482
13D4__EPI475563,13D4,EPI475563
FLD21.140__EPI1536787,FLD21.140,EPI1536787
3C11__EPI559098,3C11,EPI559098
AVFluIgG03__EPI101843,AVFluIgG03,EPI101843
100F4__EPI275790,100F4,EPI275790
H5M9__EPI2116742,H5M9,EPI2116742
H5M9__EPI2300436,H5M9,EPI2300436
FLD21.140__EPI275782,FLD21.140,EPI275782
3C11__EPI3009059,3C11,EPI3009059
65C6__EPI101843,65C6,EPI101843
13D4__EPI2017778,13D4,EPI2017778
12H5__EPI1303228,12H5,EPI1303228
AVFluIgG03__EPI226841,AVFluIgG03,EPI226841
3C11__EPI243001,3C11,EPI243001
13D4__EPI340796,13D4,EPI340796
H5M9__EPI340399,H5M9,EPI340399
3C11__EPI2035782,3C11,EPI2035782
H5.3__EPI257059,H5.3,EPI257059
65C6__EPI257056,65C6,EPI257056
H5M9__EPI101875,H5M9,EPI101875
FLD21.140__EPI25072,FLD21.140,EPI25072
FLD194__EPI359214,FLD194,EPI359214
AVFluIgG03__EPI21062,AVFluIgG03,EPI21062
12H5__EPI226845,12H5,EPI226845
3C11__EPI653115,3C11,EPI653115
H5M9__EPI2437377,H5M9,EPI2437377
AVFluIgG03__EPI321295,AVFluIgG03,EPI321295
FLD21.140__EPI2580113,FLD21.140,EPI2580113
AVFluIgG01__EPI359867,AVFluIgG01,EPI359867
12H5__EPI2580134,12H5,EPI2580134
100F4__EPI101875,100F4,EPI101875
13D4__EPI414084,13D4,EPI414084
3C11__EPI1887774,3C11,EPI1887774
AVFluIgG01__EPI597824,AVFluIgG01,EPI597824
H5M9__EPI414084,H5M9,EPI414084
65C6__EPI257053,65C6,EPI257053
H5.3__EPI25072,H5.3,EPI25072
H5.3__EPI22627,H5.3,EPI22627
AVFluIgG03__EPI808932,AVFluIgG03,EPI808932
FLD194__EPI2300436,FLD194,EPI2300436
AVFluIgG01__EPI1552374,AVFluIgG01,EPI1552374
13D4__EPI2300436,13D4,EPI2300436
3C11__EPI492324,3C11,EPI492324
AVFluIgG03__EPI764389,AVFluIgG03,EPI764389
AVFluIgG01__EPI226839,AVFluIgG01,EPI226839
13D4__EPI222476,13D4,EPI222476
12H5__EPI221986,12H5,EPI221986
AVFluIgG01__EPI1887774,AVFluIgG01,EPI1887774
AVFluIgG03__EPI2035782,AVFluIgG03,EPI2035782
FLD194__EPI2198548,FLD194,EPI2198548
13D4__EPI371190,13D4,EPI371190
65C6__EPI2584443,65C6,EPI2584443
100F4__EPI475563,100F4,EPI475563
H5.3__EPI1650,H5.3,EPI1650
12H5__EPI1381432,12H5,EPI1381432
13D4__EPI653115,13D4,EPI653115
65C6__EPI257058,65C6,EPI257058
FLD21.140__EPI1517056,FLD21.140,EPI1517056
12H5__EPI3009059,12H5,EPI3009059
13D4__EPI1303228,13D4,EPI1303228
FLD21.140__EPI1650,FLD21.140,EPI1650
FLD21.140__EPI1989697,FLD21.140,EPI1989697
12H5__EPI2467482,12H5,EPI2467482
12H5__EPI448231,12H5,EPI448231
65C6__EPI2800361,65C6,EPI2800361
12H5__EPI940674,12H5,EPI940674
FLD194__EPI335206,FLD194,EPI335206
FLD21.140__EPI257058,FLD21.140,EPI257058
65C6__EPI2017747,65C6,EPI2017747
FLD194__EPI2116742,FLD194,EPI2116742
AVFluIgG01__EPI167665,AVFluIgG01,EPI167665
AVFluIgG03__EPI3009059,AVFluIgG03,EPI3009059
AVFluIgG01__EPI559109,AVFluIgG01,EPI559109
AVFluIgG01__EPI243001,AVFluIgG01,EPI243001
100F4__EPI414084,100F4,EPI414084
65C6__EPI1552374,65C6,EPI1552374
FLD194__EPI340399,FLD194,EPI340399
FLD21.140__EPI533388,FLD21.140,EPI533388
AVFluIgG01__EPI275974,AVFluIgG01,EPI275974
3C11__EPI533427,3C11,EPI533427
13D4__EPI675773,13D4,EPI675773
AVFluIgG03__EPI167553,AVFluIgG03,EPI167553
AVFluIgG01__EPI533388,AVFluIgG01,EPI533388
12H5__EPI340399,12H5,EPI340399
H5M9__EPI2144291,H5M9,EPI2144291
100F4__EPI2856448,100F4,EPI2856448
100F4__EPI235171,100F4,EPI235171
H5M9__EPI653115,H5M9,EPI653115
3C11__EPI687187,3C11,EPI687187
100F4__EPI2580187,100F4,EPI2580187
12H5__EPI214889,12H5,EPI214889
FLD21.140__EPI533432,FLD21.140,EPI533432
H5M9__EPI2573872,H5M9,EPI2573872
FLD194__EPI2580113,FLD194,EPI2580113
65C6__EPI414084,65C6,EPI414084
AVFluIgG01__EPI340788,AVFluIgG01,EPI340788
65C6__EPI1381432,65C6,EPI1381432
FLD194__EPI1947325,FLD194,EPI1947325
13D4__EPI359880,13D4,EPI359880
H5.3__EPI3009059,H5.3,EPI3009059
FLD21.140__EPI257055,FLD21.140,EPI257055
FLD194__EPI3009059,FLD194,EPI3009059
H5.3__EPI371190,H5.3,EPI371190
H5M9__EPI257059,H5M9,EPI257059
13D4__EPI589108,13D4,EPI589108
AVFluIgG03__EPI2035785,AVFluIgG03,EPI2035785
H5.3__EPI168674,H5.3,EPI168674
FLD194__EPI1887774,FLD194,EPI1887774
100F4__EPI597824,100F4,EPI597824
3C11__EPI2467482,3C11,EPI2467482
65C6__EPI839728,65C6,EPI839728
3C11__EPI2580091,3C11,EPI2580091
65C6__EPI257054,65C6,EPI257054
100F4__EPI105698,100F4,EPI105698
65C6__EPI2580187,65C6,EPI2580187
FLD21.140__EPI2580054,FLD21.140,EPI2580054
3C11__EPI101477,3C11,EPI101477
FLD21.140__EPI371190,FLD21.140,EPI371190
3C11__EPI1694134,3C11,EPI1694134
65C6__EPI420386,65C6,EPI420386
100F4__EPI597820,100F4,EPI597820
H5.3__EPI448231,H5.3,EPI448231
65C6__EPI675773,65C6,EPI675773
100F4__EPI2035782,100F4,EPI2035782
H5M9__EPI242227,H5M9,EPI242227
H5M9__EPI234497,H5M9,EPI234497
65C6__EPI2580115,65C6,EPI2580115
65C6__EPI2017755,65C6,EPI2017755
65C6__EPI371190,65C6,EPI371190
65C6__EPI467792,65C6,EPI467792
FLD21.140__EPI414084,FLD21.140,EPI414084
AVFluIgG03__EPI2584443,AVFluIgG03,EPI2584443
100F4__EPI340399,100F4,EPI340399
3C11__EPI589108,3C11,EPI589108
100F4__EPI369182,100F4,EPI369182
FLD194__EPI1517056,FLD194,EPI1517056
100F4__EPI275782,100F4,EPI275782
13D4__EPI1694134,13D4,EPI1694134
13D4__EPI454493,13D4,EPI454493
H5.3__EPI359864,H5.3,EPI359864
65C6__EPI167665,65C6,EPI167665
100F4__EPI940674,100F4,EPI940674
13D4__EPI359864,13D4,EPI359864
H5M9__EPI9640,H5M9,EPI9640
FLD194__EPI257059,FLD194,EPI257059
FLD194__EPI2580187,FLD194,EPI2580187
FLD21.140__EPI242227,FLD21.140,EPI242227
FLD21.140__EPI2580084,FLD21.140,EPI2580084
AVFluIgG03__EPI2580091,AVFluIgG03,EPI2580091
12H5__EPI257058,12H5,EPI257058
65C6__EPI559098,65C6,EPI559098
13D4__EPI2017755,13D4,EPI2017755
100F4__EPI234494,100F4,EPI234494
100F4__EPI3009059,100F4,EPI3009059
FLD194__EPI4795,FLD194,EPI4795
H5.3__EPI235171,H5.3,EPI235171
AVFluIgG01__EPI653115,AVFluIgG01,EPI653115
13D4__EPI167553,13D4,EPI167553
FLD21.140__EPI257056,FLD21.140,EPI257056
H5.3__EPI226839,H5.3,EPI226839
H5.3__EPI341364,H5.3,EPI341364
AVFluIgG01__EPI168674,AVFluIgG01,EPI168674
H5M9__EPI235072,H5M9,EPI235072
H5M9__EPI275790,H5M9,EPI275790
12H5__EPI893474,12H5,EPI893474
65C6__EPI1517056,65C6,EPI1517056
AVFluIgG01__EPI398310,AVFluIgG01,EPI398310
100F4__EPI3178330,100F4,EPI3178330
13D4__EPI3009059,13D4,EPI3009059
AVFluIgG03__EPI3009174,AVFluIgG03,EPI3009174
100F4__EPI2580054,100F4,EPI2580054
FLD194__EPI359864,FLD194,EPI359864
AVFluIgG01__EPI123402,AVFluIgG01,EPI123402
65C6__EPI2198548,65C6,EPI2198548
H5M9__EPI2580066,H5M9,EPI2580066
H5.3__EPI275990,H5.3,EPI275990
FLD21.140__EPI101875,FLD21.140,EPI101875
H5M9__EPI2580113,H5M9,EPI2580113
AVFluIgG03__EPI314033,AVFluIgG03,EPI314033
AVFluIgG01__EPI355443,AVFluIgG01,EPI355443
3C11__EPI341364,3C11,EPI341364
FLD21.140__EPI359864,FLD21.140,EPI359864
100F4__EPI340796,100F4,EPI340796
13D4__EPI467792,13D4,EPI467792
AVFluIgG01__EPI335206,AVFluIgG01,EPI335206
AVFluIgG03__EPI2300436,AVFluIgG03,EPI2300436
12H5__EPI398581,12H5,EPI398581
3C11__EPI214889,3C11,EPI214889
AVFluIgG01__EPI22793,AVFluIgG01,EPI22793
12H5__EPI328886,12H5,EPI328886
100F4__EPI101477,100F4,EPI101477
AVFluIgG01__EPI359864,AVFluIgG01,EPI359864
100F4__EPI359867,100F4,EPI359867
3C11__EPI284432,3C11,EPI284432
FLD21.140__EPI893474,FLD21.140,EPI893474
H5M9__EPI25011,H5M9,EPI25011
H5M9__EPI369182,H5M9,EPI369182
FLD21.140__EPI355443,FLD21.140,EPI355443
65C6__EPI275878,65C6,EPI275878
12H5__EPI2573872,12H5,EPI2573872
100F4__EPI257059,100F4,EPI257059
12H5__EPI2800361,12H5,EPI2800361
12H5__EPI2035782,12H5,EPI2035782
AVFluIgG01__EPI2017747,AVFluIgG01,EPI2017747
13D4__EPI359214,13D4,EPI359214
AVFluIgG03__EPI355443,AVFluIgG03,EPI355443
AVFluIgG01__EPI1694134,AVFluIgG01,EPI1694134
H5.3__EPI21066,H5.3,EPI21066
65C6__EPI893474,65C6,EPI893474
3C11__EPI371190,3C11,EPI371190
3C11__EPI2580187,3C11,EPI2580187
H5.3__EPI471131,H5.3,EPI471131
H5.3__EPI226841,H5.3,EPI226841
12H5__EPI2580091,12H5,EPI2580091
FLD21.140__EPI2116742,FLD21.140,EPI2116742
3C11__EPI454493,3C11,EPI454493
3C11__EPI808932,3C11,EPI808932
H5M9__EPI1552374,H5M9,EPI1552374
65C6__EPI2574086,65C6,EPI2574086
AVFluIgG01__EPI235171,AVFluIgG01,EPI235171
AVFluIgG01__EPI356510,AVFluIgG01,EPI356510
AVFluIgG01__EPI559098,AVFluIgG01,EPI559098
13D4__EPI2467482,13D4,EPI2467482
65C6__EPI1989804,65C6,EPI1989804
13D4__EPI2198548,13D4,EPI2198548
65C6__EPI275782,65C6,EPI275782
3C11__EPI537677,3C11,EPI537677
FLD194__EPI1694134,FLD194,EPI1694134
65C6__EPI359882,65C6,EPI359882
65C6__EPI284432,65C6,EPI284432
H5M9__EPI597824,H5M9,EPI597824
AVFluIgG03__EPI101875,AVFluIgG03,EPI101875
13D4__EPI398581,13D4,EPI398581
AVFluIgG03__EPI1303228,AVFluIgG03,EPI1303228
100F4__EPI127738,100F4,EPI127738
H5M9__EPI475563,H5M9,EPI475563
100F4__EPI808932,100F4,EPI808932
AVFluIgG03__EPI369182,AVFluIgG03,EPI369182
FLD194__EPI254385,FLD194,EPI254385
FLD194__EPI221986,FLD194,EPI221986
FLD194__EPI2800377,FLD194,EPI2800377
12H5__EPI359864,12H5,EPI359864
100F4__EPI275862,100F4,EPI275862
12H5__EPI314033,12H5,EPI314033
100F4__EPI275758,100F4,EPI275758
FLD21.140__EPI2580066,FLD21.140,EPI2580066
H5.3__EPI101875,H5.3,EPI101875
AVFluIgG03__EPI2419700,AVFluIgG03,EPI2419700
65C6__EPI1650,65C6,EPI1650
AVFluIgG03__EPI2580054,AVFluIgG03,EPI2580054
H5.3__EPI340788,H5.3,EPI340788
AVFluIgG03__EPI454493,AVFluIgG03,EPI454493
H5.3__EPI2856448,H5.3,EPI2856448
H5M9__EPI2035782,H5M9,EPI2035782
FLD194__EPI3009174,FLD194,EPI3009174
AVFluIgG01__EPI234497,AVFluIgG01,EPI234497
AVFluIgG03__EPI340788,AVFluIgG03,EPI340788
H5M9__EPI275974,H5M9,EPI275974
3C11__EPI356510,3C11,EPI356510
13D4__EPI420386,13D4,EPI420386
65C6__EPI107843,65C6,EPI107843
65C6__EPI321295,65C6,EPI321295
12H5__EPI22793,12H5,EPI22793
H5.3__EPI310238,H5.3,EPI310238
100F4__EPI283787,100F4,EPI283787
13D4__EPI275758,13D4,EPI275758
3C11__EPI275990,3C11,EPI275990
AVFluIgG03__EPI97199,AVFluIgG03,EPI97199
100F4__EPI533432,100F4,EPI533432
H5M9__EPI1989804,H5M9,EPI1989804
13D4__EPI310238,13D4,EPI310238
65C6__EPI2035782,65C6,EPI2035782
AVFluIgG03__EPI1989697,AVFluIgG03,EPI1989697
AVFluIgG01__EPI839728,AVFluIgG01,EPI839728
3C11__EPI340788,3C11,EPI340788
H5M9__EPI127738,H5M9,EPI127738
AVFluIgG03__EPI275790,AVFluIgG03,EPI275790
FLD194__EPI105698,FLD194,EPI105698
13D4__EPI242227,13D4,EPI242227
AVFluIgG01__EPI328886,AVFluIgG01,EPI328886
FLD194__EPI168674,FLD194,EPI168674
12H5__EPI2856448,12H5,EPI2856448
FLD194__EPI2580066,FLD194,EPI2580066
3C11__EPI467792,3C11,EPI467792
3C11__EPI328886,3C11,EPI328886
AVFluIgG03__EPI1989804,AVFluIgG03,EPI1989804
AVFluIgG01__EPI687187,AVFluIgG01,EPI687187
FLD194__EPI1328383,FLD194,EPI1328383
AVFluIgG03__EPI1328383,AVFluIgG03,EPI1328383
3C11__EPI275974,3C11,EPI275974
H5.3__EPI335206,H5.3,EPI335206
13D4__EPI2580054,13D4,EPI2580054
65C6__EPI2419700,65C6,EPI2419700
H5.3__EPI2116742,H5.3,EPI2116742
FLD194__EPI2419700,FLD194,EPI2419700
13D4__EPI2580187,13D4,EPI2580187
FLD21.140__EPI25076,FLD21.140,EPI25076
FLD21.140__EPI167553,FLD21.140,EPI167553
13D4__EPI2437377,13D4,EPI2437377
65C6__EPI2017778,65C6,EPI2017778
13D4__EPI3009174,13D4,EPI3009174
H5.3__EPI940674,H5.3,EPI940674
FLD194__EPI1536787,FLD194,EPI1536787
FLD21.140__EPI2467482,FLD21.140,EPI2467482
100F4__EPI21066,100F4,EPI21066
12H5__EPI1989804,12H5,EPI1989804
AVFluIgG01__EPI2580091,AVFluIgG01,EPI2580091
100F4__EPI321295,100F4,EPI321295
H5M9__EPI275758,H5M9,EPI275758
AVFluIgG03__EPI257055,AVFluIgG03,EPI257055
65C6__EPI22627,65C6,EPI22627
AVFluIgG01__EPI420386,AVFluIgG01,EPI420386
AVFluIgG03__EPI1381432,AVFluIgG03,EPI1381432
3C11__EPI275790,3C11,EPI275790
13D4__EPI2574086,13D4,EPI2574086
13D4__EPI2437547,13D4,EPI2437547
13D4__EPI2017747,13D4,EPI2017747
FLD194__EPI2580092,FLD194,EPI2580092
3C11__EPI675773,3C11,EPI675773
100F4__EPI1772163,100F4,EPI1772163
H5M9__EPI839728,H5M9,EPI839728
12H5__EPI25076,12H5,EPI25076
FLD21.140__EPI533427,FLD21.140,EPI533427
FLD21.140__EPI335206,FLD21.140,EPI335206
H5.3__EPI25011,H5.3,EPI25011
3C11__EPI2800377,3C11,EPI2800377
AVFluIgG03__EPI2467482,AVFluIgG03,EPI2467482
FLD194__EPI2580084,FLD194,EPI2580084
FLD194__EPI359880,FLD194,EPI359880
AVFluIgG01__EPI25011,AVFluIgG01,EPI25011
12H5__EPI1947325,12H5,EPI1947325
AVFluIgG01__EPI359214,AVFluIgG01,EPI359214
3C11__EPI2580066,3C11,EPI2580066
AVFluIgG01__EPI4795,AVFluIgG01,EPI4795
AVFluIgG03__EPI321328,AVFluIgG03,EPI321328
H5.3__EPI2800377,H5.3,EPI2800377
3C11__EPI25072,3C11,EPI25072
100F4__EPI593757,100F4,EPI593757
FLD194__EPI167665,FLD194,EPI167665
H5.3__EPI597820,H5.3,EPI597820
FLD194__EPI371190,FLD194,EPI371190
FLD21.140__EPI234494,FLD21.140,EPI234494
H5M9__EPI235902,H5M9,EPI235902
H5M9__EPI226845,H5M9,EPI226845
12H5__EPI359214,12H5,EPI359214
AVFluIgG03__EPI284432,AVFluIgG03,EPI284432
FLD21.140__EPI3009059,FLD21.140,EPI3009059
12H5__EPI3009174,12H5,EPI3009174
100F4__EPI314033,100F4,EPI314033
FLD194__EPI116497,FLD194,EPI116497
FLD21.140__EPI653115,FLD21.140,EPI653115
13D4__EPI235902,13D4,EPI235902
AVFluIgG01__EPI2580054,AVFluIgG01,EPI2580054
AVFluIgG01__EPI537677,AVFluIgG01,EPI537677
100F4__EPI653115,100F4,EPI653115
65C6__EPI1989697,65C6,EPI1989697
AVFluIgG03__EPI2429052,AVFluIgG03,EPI2429052
AVFluIgG03__EPI359867,AVFluIgG03,EPI359867
12H5__EPI1517056,12H5,EPI1517056
H5M9__EPI4795,H5M9,EPI4795
AVFluIgG03__EPI318210,AVFluIgG03,EPI318210
H5.3__EPI239055,H5.3,EPI239055
12H5__EPI21066,12H5,EPI21066
3C11__EPI2437547,3C11,EPI2437547
FLD194__EPI275878,FLD194,EPI275878
100F4__EPI321328,100F4,EPI321328
FLD194__EPI2429052,FLD194,EPI2429052
13D4__EPI533427,13D4,EPI533427
13D4__EPI597824,13D4,EPI597824
FLD194__EPI242227,FLD194,EPI242227
AVFluIgG03__EPI2574086,AVFluIgG03,EPI2574086
100F4__EPI2144291,100F4,EPI2144291
FLD194__EPI533427,FLD194,EPI533427
FLD21.140__EPI275974,FLD21.140,EPI275974
FLD21.140__EPI340796,FLD21.140,EPI340796
H5M9__EPI2467482,H5M9,EPI2467482
65C6__EPI287236,65C6,EPI287236
3C11__EPI3009174,3C11,EPI3009174
H5.3__EPI2017747,H5.3,EPI2017747
AVFluIgG01__EPI25072,AVFluIgG01,EPI25072
13D4__EPI318210,13D4,EPI318210
AVFluIgG01__EPI764389,AVFluIgG01,EPI764389
12H5__EPI257054,12H5,EPI257054
FLD21.140__EPI341364,FLD21.140,EPI341364
H5M9__EPI257055,H5M9,EPI257055
65C6__EPI283787,65C6,EPI283787
12H5__EPI4795,12H5,EPI4795
13D4__EPI22627,13D4,EPI22627
AVFluIgG01__EPI2580187,AVFluIgG01,EPI2580187
AVFluIgG03__EPI1158808,AVFluIgG03,EPI1158808
H5M9__EPI167665,H5M9,EPI167665
65C6__EPI2580091,65C6,EPI2580091
65C6__EPI471131,65C6,EPI471131
FLD21.140__EPI475563,FLD21.140,EPI475563
AVFluIgG01__EPI476972,AVFluIgG01,EPI476972
65C6__EPI125662,65C6,EPI125662
FLD21.140__EPI127738,FLD21.140,EPI127738
13D4__EPI275862,13D4,EPI275862
AVFluIgG01__EPI222476,AVFluIgG01,EPI222476
FLD194__EPI2580091,FLD194,EPI2580091
H5M9__EPI287236,H5M9,EPI287236
65C6__EPI597820,65C6,EPI597820
12H5__EPI589108,12H5,EPI589108
3C11__EPI2437377,3C11,EPI2437377
12H5__EPI1156382,12H5,EPI1156382
100F4__EPI243001,100F4,EPI243001
100F4__EPI371190,100F4,EPI371190
FLD194__EPI25011,FLD194,EPI25011
65C6__EPI2144291,65C6,EPI2144291
AVFluIgG01__EPI167553,AVFluIgG01,EPI167553
H5M9__EPI107843,H5M9,EPI107843
H5.3__EPI597824,H5.3,EPI597824
FLD21.140__EPI2017755,FLD21.140,EPI2017755
AVFluIgG01__EPI2800377,AVFluIgG01,EPI2800377
FLD21.140__EPI1694134,FLD21.140,EPI1694134
FLD194__EPI398581,FLD194,EPI398581
100F4__EPI109421,100F4,EPI109421
100F4__EPI2800377,100F4,EPI2800377
65C6__EPI1328383,65C6,EPI1328383
12H5__EPI839728,12H5,EPI839728
65C6__EPI21062,65C6,EPI21062
H5M9__EPI283783,H5M9,EPI283783
100F4__EPI335206,100F4,EPI335206
65C6__EPI2429052,65C6,EPI2429052
65C6__EPI2035785,65C6,EPI2035785
AVFluIgG01__EPI808932,AVFluIgG01,EPI808932
FLD21.140__EPI589108,FLD21.140,EPI589108
3C11__EPI314033,3C11,EPI314033
65C6__EPI398310,65C6,EPI398310
FLD21.140__EPI467792,FLD21.140,EPI467792
FLD194__EPI2437377,FLD194,EPI2437377
H5.3__EPI533388,H5.3,EPI533388
100F4__EPI222476,100F4,EPI222476
FLD194__EPI257055,FLD194,EPI257055
H5.3__EPI559098,H5.3,EPI559098
FLD21.140__EPI687187,FLD21.140,EPI687187
AVFluIgG03__EPI242227,AVFluIgG03,EPI242227
AVFluIgG03__EPI105698,AVFluIgG03,EPI105698
FLD21.140__EPI107813,FLD21.140,EPI107813
H5.3__EPI2580113,H5.3,EPI2580113
H5M9__EPI533388,H5M9,EPI533388
13D4__EPI839728,13D4,EPI839728
65C6__EPI335206,65C6,EPI335206
AVFluIgG03__EPI658567,AVFluIgG03,EPI658567
12H5__EPI321295,12H5,EPI321295
12H5__EPI331854,12H5,EPI331854
65C6__EPI4795,65C6,EPI4795
13D4__EPI221986,13D4,EPI221986
100F4__EPI2437377,100F4,EPI2437377
AVFluIgG01__EPI257059,AVFluIgG01,EPI257059
12H5__EPI1694134,12H5,EPI1694134
3C11__EPI257055,3C11,EPI257055
12H5__EPI235902,12H5,EPI235902
100F4__EPI257058,100F4,EPI257058
3C11__EPI1156382,3C11,EPI1156382
12H5__EPI275974,12H5,EPI275974
65C6__EPI354429,65C6,EPI354429
H5M9__EPI109421,H5M9,EPI109421
100F4__EPI533388,100F4,EPI533388
3C11__EPI359880,3C11,EPI359880
FLD21.140__EPI2584443,FLD21.140,EPI2584443
65C6__EPI243001,65C6,EPI243001
3C11__EPI839728,3C11,EPI839728
100F4__EPI257056,100F4,EPI257056
H5.3__EPI222018,H5.3,EPI222018
12H5__EPI243001,12H5,EPI243001
13D4__EPI275822,13D4,EPI275822
AVFluIgG03__EPI3158642,AVFluIgG03,EPI3158642
AVFluIgG01__EPI340399,AVFluIgG01,EPI340399
FLD194__EPI597820,FLD194,EPI597820
H5M9__EPI101477,H5M9,EPI101477
AVFluIgG01__EPI4801,AVFluIgG01,EPI4801
65C6__EPI533427,65C6,EPI533427
AVFluIgG03__EPI235171,AVFluIgG03,EPI235171
AVFluIgG01__EPI2800361,AVFluIgG01,EPI2800361
FLD21.140__EPI359880,FLD21.140,EPI359880
13D4__EPI1517056,13D4,EPI1517056
12H5__EPI4801,12H5,EPI4801
3C11__EPI893474,3C11,EPI893474
FLD21.140__EPI167665,FLD21.140,EPI167665
FLD21.140__EPI492324,FLD21.140,EPI492324
H5M9__EPI275782,H5M9,EPI275782
FLD194__EPI414084,FLD194,EPI414084
AVFluIgG03__EPI476972,AVFluIgG03,EPI476972
FLD194__EPI340796,FLD194,EPI340796
H5M9__EPI2580084,H5M9,EPI2580084
AVFluIgG01__EPI658567,AVFluIgG01,EPI658567
FLD21.140__EPI1947325,FLD21.140,EPI1947325
AVFluIgG01__EPI371190,AVFluIgG01,EPI371190
AVFluIgG01__EPI226845,AVFluIgG01,EPI226845
3C11__EPI235072,3C11,EPI235072
3C11__EPI3158642,3C11,EPI3158642
FLD194__EPI107843,FLD194,EPI107843
65C6__EPI101875,65C6,EPI101875
100F4__EPI1303228,100F4,EPI1303228
3C11__EPI22627,3C11,EPI22627
12H5__EPI340796,12H5,EPI340796
3C11__EPI310238,3C11,EPI310238
13D4__EPI243001,13D4,EPI243001
3C11__EPI2580092,3C11,EPI2580092
13D4__EPI2580091,13D4,EPI2580091
H5.3__EPI257055,H5.3,EPI257055
AVFluIgG01__EPI107843,AVFluIgG01,EPI107843
13D4__EPI808932,13D4,EPI808932
H5M9__EPI239055,H5M9,EPI239055
H5.3__EPI235072,H5.3,EPI235072
3C11__EPI125662,3C11,EPI125662
100F4__EPI318210,100F4,EPI318210
H5.3__EPI275862,H5.3,EPI275862
13D4__EPI1772163,13D4,EPI1772163
65C6__EPI476972,65C6,EPI476972
3C11__EPI4801,3C11,EPI4801
3C11__EPI1158808,3C11,EPI1158808
AVFluIgG03__EPI1990120,AVFluIgG03,EPI1990120
3C11__EPI2017778,3C11,EPI2017778
12H5__EPI2580054,12H5,EPI2580054
AVFluIgG03__EPI22793,AVFluIgG03,EPI22793
12H5__EPI2300436,12H5,EPI2300436
H5M9__EPI321295,H5M9,EPI321295
65C6__EPI321328,65C6,EPI321328
AVFluIgG01__EPI275822,AVFluIgG01,EPI275822
AVFluIgG03__EPI398581,AVFluIgG03,EPI398581
H5.3__EPI2017755,H5.3,EPI2017755
FLD21.140__EPI3158642,FLD21.140,EPI3158642
13D4__EPI321328,13D4,EPI321328
AVFluIgG03__EPI354429,AVFluIgG03,EPI354429
FLD21.140__EPI4801,FLD21.140,EPI4801
FLD21.140__EPI420386,FLD21.140,EPI420386
3C11__EPI1990120,3C11,EPI1990120
3C11__EPI2429052,3C11,EPI2429052
FLD21.140__EPI2580134,FLD21.140,EPI2580134
65C6__EPI808932,65C6,EPI808932
100F4__EPI600770,100F4,EPI600770
13D4__EPI275782,13D4,EPI275782
12H5__EPI1650,12H5,EPI1650
3C11__EPI318210,3C11,EPI318210
FLD194__EPI9640,FLD194,EPI9640
AVFluIgG01__EPI275790,AVFluIgG01,EPI275790
FLD194__EPI597824,FLD194,EPI597824
65C6__EPI2437547,65C6,EPI2437547
AVFluIgG01__EPI214889,AVFluIgG01,EPI214889
AVFluIgG01__EPI235902,AVFluIgG01,EPI235902
100F4__EPI2573872,100F4,EPI2573872
H5M9__EPI123402,H5M9,EPI123402
FLD21.140__EPI109421,FLD21.140,EPI109421
H5.3__EPI221986,H5.3,EPI221986
H5.3__EPI1536787,H5.3,EPI1536787
12H5__EPI476972,12H5,EPI476972
100F4__EPI398581,100F4,EPI398581
3C11__EPI25011,3C11,EPI25011
AVFluIgG03__EPI2580092,AVFluIgG03,EPI2580092
H5M9__EPI1989697,H5M9,EPI1989697
12H5__EPI321328,12H5,EPI321328
H5.3__EPI257056,H5.3,EPI257056
FLD21.140__EPI275990,FLD21.140,EPI275990
12H5__EPI2584443,12H5,EPI2584443
12H5__EPI222018,12H5,EPI222018
H5.3__EPI398310,H5.3,EPI398310
13D4__EPI107843,13D4,EPI107843
H5.3__EPI2580134,H5.3,EPI2580134
3C11__EPI2584443,3C11,EPI2584443
AVFluIgG03__EPI107843,AVFluIgG03,EPI107843
H5M9__EPI492324,H5M9,EPI492324
3C11__EPI22793,3C11,EPI22793
FLD194__EPI283783,FLD194,EPI283783
12H5__EPI2017747,12H5,EPI2017747
FLD21.140__EPI398310,FLD21.140,EPI398310
H5.3__EPI275790,H5.3,EPI275790
H5.3__EPI116497,H5.3,EPI116497
AVFluIgG03__EPI239055,AVFluIgG03,EPI239055
FLD194__EPI226845,FLD194,EPI226845
FLD21.140__EPI448231,FLD21.140,EPI448231
100F4__EPI9640,100F4,EPI9640
AVFluIgG01__EPI1156382,AVFluIgG01,EPI1156382
65C6__EPI107813,65C6,EPI107813
65C6__EPI328886,65C6,EPI328886
FLD194__EPI359867,FLD194,EPI359867
FLD194__EPI448231,FLD194,EPI448231
65C6__EPI257059,65C6,EPI257059
AVFluIgG01__EPI2144291,AVFluIgG01,EPI2144291
100F4__EPI1381432,100F4,EPI1381432
AVFluIgG03__EPI420386,AVFluIgG03,EPI420386
65C6__EPI242227,65C6,EPI242227
AVFluIgG03__EPI589108,AVFluIgG03,EPI589108
FLD194__EPI420386,FLD194,EPI420386
FLD194__EPI2035785,FLD194,EPI2035785
100F4__EPI287236,100F4,EPI287236
H5M9__EPI222476,H5M9,EPI222476
FLD194__EPI222476,FLD194,EPI222476
12H5__EPI533388,12H5,EPI533388
13D4__EPI2580113,13D4,EPI2580113
AVFluIgG01__EPI2580115,AVFluIgG01,EPI2580115
12H5__EPI105698,12H5,EPI105698
65C6__EPI1303228,65C6,EPI1303228
AVFluIgG01__EPI398581,AVFluIgG01,EPI398581
65C6__EPI259006,65C6,EPI259006
H5M9__EPI226839,H5M9,EPI226839
AVFluIgG01__EPI101843,AVFluIgG01,EPI101843
FLD21.140__EPI257059,FLD21.140,EPI257059
FLD194__EPI653115,FLD194,EPI653115
12H5__EPI283787,12H5,EPI283787
13D4__EPI1990120,13D4,EPI1990120
3C11__EPI107813,3C11,EPI107813
65C6__EPI359864,65C6,EPI359864
100F4__EPI226845,100F4,EPI226845
H5.3__EPI808932,H5.3,EPI808932
3C11__EPI234497,3C11,EPI234497
AVFluIgG03__EPI1694134,AVFluIgG03,EPI1694134
100F4__EPI839728,100F4,EPI839728
AVFluIgG03__EPI467792,AVFluIgG03,EPI467792
H5.3__EPI25076,H5.3,EPI25076
13D4__EPI257059,13D4,EPI257059
AVFluIgG01__EPI3158642,AVFluIgG01,EPI3158642
FLD21.140__EPI675773,FLD21.140,EPI675773
100F4__EPI356510,100F4,EPI356510
13D4__EPI123402,13D4,EPI123402
AVFluIgG03__EPI127738,AVFluIgG03,EPI127738
FLD21.140__EPI354429,FLD21.140,EPI354429
12H5__EPI764389,12H5,EPI764389
13D4__EPI1989697,13D4,EPI1989697
AVFluIgG03__EPI101477,AVFluIgG03,EPI101477
3C11__EPI25076,3C11,EPI25076
H5M9__EPI283787,H5M9,EPI283787
AVFluIgG01__EPI257056,AVFluIgG01,EPI257056
H5M9__EPI226841,H5M9,EPI226841
FLD194__EPI125662,FLD194,EPI125662
65C6__EPI22793,65C6,EPI22793
100F4__EPI21062,100F4,EPI21062
H5M9__EPI1517056,H5M9,EPI1517056
65C6__EPI235902,65C6,EPI235902
FLD21.140__EPI283787,FLD21.140,EPI283787
3C11__EPI475563,3C11,EPI475563
13D4__EPI21062,13D4,EPI21062
FLD194__EPI476972,FLD194,EPI476972
FLD21.140__EPI257054,FLD21.140,EPI257054
13D4__EPI2116742,13D4,EPI2116742
H5.3__EPI127738,H5.3,EPI127738
12H5__EPI2017778,12H5,EPI2017778
FLD194__EPI2800361,FLD194,EPI2800361
AVFluIgG01__EPI2116742,AVFluIgG01,EPI2116742
AVFluIgG01__EPI283787,AVFluIgG01,EPI283787
FLD194__EPI893474,FLD194,EPI893474
FLD21.140__EPI123402,FLD21.140,EPI123402
FLD194__EPI283787,FLD194,EPI283787
H5M9__EPI893474,H5M9,EPI893474
100F4__EPI1536787,100F4,EPI1536787
13D4__EPI559109,13D4,EPI559109
FLD194__EPI22627,FLD194,EPI22627
65C6__EPI97199,65C6,EPI97199
12H5__EPI3158642,12H5,EPI3158642
12H5__EPI1536787,12H5,EPI1536787
100F4__EPI116497,100F4,EPI116497
100F4__EPI328886,100F4,EPI328886
65C6__EPI2580066,65C6,EPI2580066
FLD21.140__EPI101477,FLD21.140,EPI101477
100F4__EPI492324,100F4,EPI492324
AVFluIgG01__EPI21066,AVFluIgG01,EPI21066
FLD21.140__EPI559078,FLD21.140,EPI559078
FLD194__EPI127738,FLD194,EPI127738
FLD21.140__EPI321295,FLD21.140,EPI321295
65C6__EPI2437377,65C6,EPI2437377
12H5__EPI257056,12H5,EPI257056
FLD21.140__EPI235171,FLD21.140,EPI235171
13D4__EPI125662,13D4,EPI125662
H5.3__EPI314033,H5.3,EPI314033
65C6__EPI25076,65C6,EPI25076
100F4__EPI467792,100F4,EPI467792
12H5__EPI25072,12H5,EPI25072
H5.3__EPI559109,H5.3,EPI559109
H5.3__EPI2419700,H5.3,EPI2419700
100F4__EPI234497,100F4,EPI234497
12H5__EPI359880,12H5,EPI359880
H5.3__EPI533427,H5.3,EPI533427
H5.3__EPI275758,H5.3,EPI275758
FLD21.140__EPI764389,FLD21.140,EPI764389
AVFluIgG03__EPI1947325,AVFluIgG03,EPI1947325
3C11__EPI283787,3C11,EPI283787
3C11__EPI101875,3C11,EPI101875
AVFluIgG03__EPI1650,AVFluIgG03,EPI1650
12H5__EPI559098,12H5,EPI559098
65C6__EPI454493,65C6,EPI454493
3C11__EPI414084,3C11,EPI414084
H5.3__EPI414084,H5.3,EPI414084
H5M9__EPI359880,H5M9,EPI359880
100F4__EPI2580091,100F4,EPI2580091
H5.3__EPI3158642,H5.3,EPI3158642
13D4__EPI235171,13D4,EPI235171
65C6__EPI597824,65C6,EPI597824
H5.3__EPI359867,H5.3,EPI359867
FLD194__EPI675773,FLD194,EPI675773
13D4__EPI600770,13D4,EPI600770
12H5__EPI318210,12H5,EPI318210
H5M9__EPI235171,H5M9,EPI235171
13D4__EPI1536787,13D4,EPI1536787
AVFluIgG03__EPI275822,AVFluIgG03,EPI275822
3C11__EPI257059,3C11,EPI257059
FLD194__EPI21062,FLD194,EPI21062
FLD194__EPI467792,FLD194,EPI467792
H5M9__EPI275862,H5M9,EPI275862
13D4__EPI2580066,13D4,EPI2580066
FLD194__EPI25072,FLD194,EPI25072
FLD194__EPI21066,FLD194,EPI21066
3C11__EPI257054,3C11,EPI257054
13D4__EPI283783,13D4,EPI283783
AVFluIgG01__EPI359882,AVFluIgG01,EPI359882
H5.3__EPI107843,H5.3,EPI107843
13D4__EPI214889,13D4,EPI214889
3C11__EPI167665,3C11,EPI167665
3C11__EPI235902,3C11,EPI235902
H5M9__EPI257058,H5M9,EPI257058
AVFluIgG01__EPI257053,AVFluIgG01,EPI257053
AVFluIgG03__EPI21066,AVFluIgG03,EPI21066
AVFluIgG03__EPI593757,AVFluIgG03,EPI593757
12H5__EPI359882,12H5,EPI359882
FLD194__EPI2017778,FLD194,EPI2017778
AVFluIgG01__EPI242227,AVFluIgG01,EPI242227
FLD194__EPI1989697,FLD194,EPI1989697
3C11__EPI127738,3C11,EPI127738
H5M9__EPI1536787,H5M9,EPI1536787
H5.3__EPI243001,H5.3,EPI243001
65C6__EPI355443,65C6,EPI355443
12H5__EPI310238,12H5,EPI310238
H5.3__EPI331854,H5.3,EPI331854
12H5__EPI97199,12H5,EPI97199
H5.3__EPI101477,H5.3,EPI101477
FLD194__EPI369182,FLD194,EPI369182
100F4__EPI257053,100F4,EPI257053
AVFluIgG01__EPI107813,AVFluIgG01,EPI107813
AVFluIgG01__EPI1989697,AVFluIgG01,EPI1989697
100F4__EPI1650,100F4,EPI1650
13D4__EPI105698,13D4,EPI105698
H5M9__EPI454493,H5M9,EPI454493
65C6__EPI1158808,65C6,EPI1158808
100F4__EPI893474,100F4,EPI893474
100F4__EPI2580134,100F4,EPI2580134
13D4__EPI533388,13D4,EPI533388
13D4__EPI2580115,13D4,EPI2580115
12H5__EPI687187,12H5,EPI687187
H5M9__EPI2580187,H5M9,EPI2580187
AVFluIgG03__EPI839728,AVFluIgG03,EPI839728
FLD21.140__EPI125662,FLD21.140,EPI125662
12H5__EPI675773,12H5,EPI675773
H5.3__EPI356510,H5.3,EPI356510
3C11__EPI242227,3C11,EPI242227
3C11__EPI222476,3C11,EPI222476
AVFluIgG03__EPI2573872,AVFluIgG03,EPI2573872
FLD194__EPI257054,FLD194,EPI257054
FLD194__EPI2144291,FLD194,EPI2144291
12H5__EPI359867,12H5,EPI359867
3C11__EPI226845,3C11,EPI226845
100F4__EPI2198548,100F4,EPI2198548
AVFluIgG03__EPI257058,AVFluIgG03,EPI257058
13D4__EPI101477,13D4,EPI101477
13D4__EPI359882,13D4,EPI359882
65C6__EPI222476,65C6,EPI222476
AVFluIgG01__EPI221986,AVFluIgG01,EPI221986
H5M9__EPI341364,H5M9,EPI341364
FLD194__EPI1158808,FLD194,EPI1158808
3C11__EPI1650,3C11,EPI1650
H5.3__EPI2198548,H5.3,EPI2198548
H5.3__EPI764389,H5.3,EPI764389
H5M9__EPI234494,H5M9,EPI234494
3C11__EPI257056,3C11,EPI257056
3C11__EPI283783,3C11,EPI283783
AVFluIgG01__EPI275878,AVFluIgG01,EPI275878
AVFluIgG03__EPI359882,AVFluIgG03,EPI359882
13D4__EPI448231,13D4,EPI448231
13D4__EPI2856448,13D4,EPI2856448
H5.3__EPI321328,H5.3,EPI321328
H5.3__EPI600770,H5.3,EPI600770
FLD21.140__EPI234497,FLD21.140,EPI234497
FLD21.140__EPI1303228,FLD21.140,EPI1303228
13D4__EPI1156382,13D4,EPI1156382
H5.3__EPI107813,H5.3,EPI107813
H5.3__EPI167553,H5.3,EPI167553
13D4__EPI559098,13D4,EPI559098
FLD194__EPI257056,FLD194,EPI257056
AVFluIgG03__EPI234494,AVFluIgG03,EPI234494
H5M9__EPI1381432,H5M9,EPI1381432
H5M9__EPI310238,H5M9,EPI310238
FLD21.140__EPI2035782,FLD21.140,EPI2035782
FLD21.140__EPI2856448,FLD21.140,EPI2856448
H5M9__EPI314033,H5M9,EPI314033
FLD21.140__EPI2429052,FLD21.140,EPI2429052
H5M9__EPI275990,H5M9,EPI275990
100F4__EPI675773,100F4,EPI675773
H5M9__EPI101843,H5M9,EPI101843
13D4__EPI2580134,13D4,EPI2580134
AVFluIgG03__EPI275782,AVFluIgG03,EPI275782
100F4__EPI310238,100F4,EPI310238
H5M9__EPI221986,H5M9,EPI221986
H5M9__EPI2419700,H5M9,EPI2419700
13D4__EPI354429,13D4,EPI354429
12H5__EPI2800377,12H5,EPI2800377
3C11__EPI1989697,3C11,EPI1989697
AVFluIgG03__EPI257054,AVFluIgG03,EPI257054
FLD194__EPI600770,FLD194,EPI600770
H5.3__EPI123402,H5.3,EPI123402
12H5__EPI653115,12H5,EPI653115
100F4__EPI354429,100F4,EPI354429
FLD194__EPI559078,FLD194,EPI559078
AVFluIgG01__EPI2017755,AVFluIgG01,EPI2017755
AVFluIgG01__EPI21062,AVFluIgG01,EPI21062
AVFluIgG03__EPI940674,AVFluIgG03,EPI940674
100F4__EPI2800361,100F4,EPI2800361
AVFluIgG01__EPI471131,AVFluIgG01,EPI471131
3C11__EPI21062,3C11,EPI21062
FLD21.140__EPI1552374,FLD21.140,EPI1552374
13D4__EPI97199,13D4,EPI97199
H5.3__EPI283787,H5.3,EPI283787
FLD21.140__EPI1381432,FLD21.140,EPI1381432
H5.3__EPI2580091,H5.3,EPI2580091
H5M9__EPI318210,H5M9,EPI318210
3C11__EPI2580134,3C11,EPI2580134
H5M9__EPI1158808,H5M9,EPI1158808
FLD21.140__EPI3009174,FLD21.140,EPI3009174
FLD21.140__EPI275790,FLD21.140,EPI275790
AVFluIgG01__EPI2035785,AVFluIgG01,EPI2035785
H5M9__EPI335206,H5M9,EPI335206
H5.3__EPI340399,H5.3,EPI340399
65C6__EPI1887774,65C6,EPI1887774
H5M9__EPI2800361,H5M9,EPI2800361
AVFluIgG03__EPI1552374,AVFluIgG03,EPI1552374
AVFluIgG01__EPI2573872,AVFluIgG01,EPI2573872
H5.3__EPI214889,H5.3,EPI214889
H5M9__EPI3009174,H5M9,EPI3009174
3C11__EPI2573872,3C11,EPI2573872
AVFluIgG01__EPI97199,AVFluIgG01,EPI97199
100F4__EPI2580113,100F4,EPI2580113
12H5__EPI101477,12H5,EPI101477
AVFluIgG01__EPI2429052,AVFluIgG01,EPI2429052
13D4__EPI222018,13D4,EPI222018
FLD194__EPI537677,FLD194,EPI537677
AVFluIgG03__EPI893474,AVFluIgG03,EPI893474
H5M9__EPI533432,H5M9,EPI533432
AVFluIgG01__EPI239055,AVFluIgG01,EPI239055
65C6__EPI3009174,65C6,EPI3009174
AVFluIgG03__EPI328886,AVFluIgG03,EPI328886
AVFluIgG01__EPI3009174,AVFluIgG01,EPI3009174
100F4__EPI107813,100F4,EPI107813
H5M9__EPI259006,H5M9,EPI259006
100F4__EPI284432,100F4,EPI284432
H5.3__EPI359880,H5.3,EPI359880
FLD194__EPI275862,FLD194,EPI275862
65C6__EPI226839,65C6,EPI226839
AVFluIgG01__EPI2437547,AVFluIgG01,EPI2437547
H5M9__EPI808932,H5M9,EPI808932
FLD194__EPI2580054,FLD194,EPI2580054
3C11__EPI101843,3C11,EPI101843
AVFluIgG03__EPI25011,AVFluIgG03,EPI25011
3C11__EPI1536787,3C11,EPI1536787
3C11__EPI471131,3C11,EPI471131
FLD21.140__EPI328886,FLD21.140,EPI328886
100F4__EPI454493,100F4,EPI454493
AVFluIgG03__EPI283787,AVFluIgG03,EPI283787
AVFluIgG01__EPI257055,AVFluIgG01,EPI257055
H5M9__EPI359882,H5M9,EPI359882
FLD21.140__EPI2035785,FLD21.140,EPI2035785
3C11__EPI275822,3C11,EPI275822
H5.3__EPI4795,H5.3,EPI4795
12H5__EPI125662,12H5,EPI125662
AVFluIgG03__EPI4795,AVFluIgG03,EPI4795
65C6__EPI2300436,65C6,EPI2300436
AVFluIgG01__EPI275862,AVFluIgG01,EPI275862
FLD21.140__EPI658567,FLD21.140,EPI658567
12H5__EPI398310,12H5,EPI398310
H5M9__EPI107813,H5M9,EPI107813
3C11__EPI359882,3C11,EPI359882
AVFluIgG01__EPI275990,AVFluIgG01,EPI275990
12H5__EPI275758,12H5,EPI275758
FLD194__EPI318210,FLD194,EPI318210
65C6__EPI168674,65C6,EPI168674
H5M9__EPI321328,H5M9,EPI321328
65C6__EPI1947325,65C6,EPI1947325
3C11__EPI2017747,3C11,EPI2017747
FLD194__EPI2584443,FLD194,EPI2584443
100F4__EPI221986,100F4,EPI221986
13D4__EPI2584443,13D4,EPI2584443
FLD21.140__EPI2573872,FLD21.140,EPI2573872
3C11__EPI359867,3C11,EPI359867
3C11__EPI369182,3C11,EPI369182
13D4__EPI314033,13D4,EPI314033
AVFluIgG01__EPI467792,AVFluIgG01,EPI467792
H5M9__EPI1694134,H5M9,EPI1694134
FLD194__EPI234494,FLD194,EPI234494
AVFluIgG03__EPI335206,AVFluIgG03,EPI335206
FLD21.140__EPI221986,FLD21.140,EPI221986
AVFluIgG03__EPI222018,AVFluIgG03,EPI222018
65C6__EPI1990120,65C6,EPI1990120
AVFluIgG03__EPI2580134,AVFluIgG03,EPI2580134
65C6__EPI254385,65C6,EPI254385
65C6__EPI226841,65C6,EPI226841
3C11__EPI355443,3C11,EPI355443
12H5__EPI257053,12H5,EPI257053
12H5__EPI283783,12H5,EPI283783
H5.3__EPI1772163,H5.3,EPI1772163
AVFluIgG03__EPI235072,AVFluIgG03,EPI235072
3C11__EPI2856448,3C11,EPI2856448
13D4__EPI109421,13D4,EPI109421
AVFluIgG01__EPI257054,AVFluIgG01,EPI257054
13D4__EPI1552374,13D4,EPI1552374
AVFluIgG01__EPI2580092,AVFluIgG01,EPI2580092
FLD21.140__EPI359867,FLD21.140,EPI359867
H5.3__EPI1156382,H5.3,EPI1156382
12H5__EPI254385,12H5,EPI254385
AVFluIgG01__EPI226841,AVFluIgG01,EPI226841
AVFluIgG01__EPI593757,AVFluIgG01,EPI593757
H5M9__EPI356510,H5M9,EPI356510
AVFluIgG03__EPI2144291,AVFluIgG03,EPI2144291
AVFluIgG01__EPI533427,AVFluIgG01,EPI533427
100F4__EPI4795,100F4,EPI4795
100F4__EPI2035785,100F4,EPI2035785
AVFluIgG03__EPI559078,AVFluIgG03,EPI559078
FLD21.140__EPI97199,FLD21.140,EPI97199
3C11__EPI359214,3C11,EPI359214
65C6__EPI593757,65C6,EPI593757
AVFluIgG03__EPI2437547,AVFluIgG03,EPI2437547
12H5__EPI414084,12H5,EPI414084
AVFluIgG03__EPI597824,AVFluIgG03,EPI597824
13D4__EPI559078,13D4,EPI559078
13D4__EPI658567,13D4,EPI658567
FLD194__EPI101843,FLD194,EPI101843
H5M9__EPI1887774,H5M9,EPI1887774
13D4__EPI226841,13D4,EPI226841
H5M9__EPI2017778,H5M9,EPI2017778
H5M9__EPI214889,H5M9,EPI214889
AVFluIgG03__EPI448231,AVFluIgG03,EPI448231
AVFluIgG03__EPI340796,AVFluIgG03,EPI340796
AVFluIgG03__EPI257056,AVFluIgG03,EPI257056
FLD21.140__EPI214889,FLD21.140,EPI214889
FLD194__EPI2437547,FLD194,EPI2437547
13D4__EPI234497,13D4,EPI234497
AVFluIgG03__EPI2437377,AVFluIgG03,EPI2437377
AVFluIgG03__EPI1887774,AVFluIgG03,EPI1887774
65C6__EPI101477,65C6,EPI101477
65C6__EPI764389,65C6,EPI764389
FLD21.140__EPI600770,FLD21.140,EPI600770
FLD21.140__EPI839728,FLD21.140,EPI839728
65C6__EPI359880,65C6,EPI359880
12H5__EPI222476,12H5,EPI222476
12H5__EPI257059,12H5,EPI257059
FLD21.140__EPI2800361,FLD21.140,EPI2800361
FLD194__EPI275790,FLD194,EPI275790
AVFluIgG03__EPI9640,AVFluIgG03,EPI9640
100F4__EPI226839,100F4,EPI226839
3C11__EPI335206,3C11,EPI335206
13D4__EPI340399,13D4,EPI340399
100F4__EPI476972,100F4,EPI476972
12H5__EPI242227,12H5,EPI242227
H5.3__EPI234494,H5.3,EPI234494
H5M9__EPI243001,H5M9,EPI243001
13D4__EPI1947325,13D4,EPI1947325
100F4__EPI275974,100F4,EPI275974
H5.3__EPI1947325,H5.3,EPI1947325
100F4__EPI214889,100F4,EPI214889
65C6__EPI226845,65C6,EPI226845
FLD194__EPI2573872,FLD194,EPI2573872
12H5__EPI127738,12H5,EPI127738
FLD21.140__EPI2144291,FLD21.140,EPI2144291
H5.3__EPI1989697,H5.3,EPI1989697
AVFluIgG01__EPI314033,AVFluIgG01,EPI314033
FLD194__EPI4801,FLD194,EPI4801
12H5__EPI471131,12H5,EPI471131
H5M9__EPI97199,H5M9,EPI97199
AVFluIgG01__EPI318210,AVFluIgG01,EPI318210
AVFluIgG01__EPI559078,AVFluIgG01,EPI559078
3C11__EPI116497,3C11,EPI116497
AVFluIgG03__EPI471131,AVFluIgG03,EPI471131
FLD194__EPI2856448,FLD194,EPI2856448
3C11__EPI2419700,3C11,EPI2419700
AVFluIgG03__EPI559109,AVFluIgG03,EPI559109
FLD21.140__EPI321328,FLD21.140,EPI321328
AVFluIgG03__EPI359864,AVFluIgG03,EPI359864
H5M9__EPI1303228,H5M9,EPI1303228
FLD21.140__EPI593757,FLD21.140,EPI593757
H5.3__EPI1694134,H5.3,EPI1694134
65C6__EPI658567,65C6,EPI658567
AVFluIgG01__EPI284432,AVFluIgG01,EPI284432
12H5__EPI2017755,12H5,EPI2017755
AVFluIgG01__EPI127738,AVFluIgG01,EPI127738
13D4__EPI537677,13D4,EPI537677
65C6__EPI105698,65C6,EPI105698
H5.3__EPI1158808,H5.3,EPI1158808
AVFluIgG03__EPI116497,AVFluIgG03,EPI116497
H5.3__EPI283783,H5.3,EPI283783
H5.3__EPI467792,H5.3,EPI467792
FLD21.140__EPI235072,FLD21.140,EPI235072
H5M9__EPI2017755,H5M9,EPI2017755
H5M9__EPI25076,H5M9,EPI25076
3C11__EPI940674,3C11,EPI940674
H5M9__EPI2580115,H5M9,EPI2580115
H5M9__EPI1772163,H5M9,EPI1772163
FLD21.140__EPI331854,FLD21.140,EPI331854
3C11__EPI287236,3C11,EPI287236
FLD194__EPI1303228,FLD194,EPI1303228
13D4__EPI257058,13D4,EPI257058
65C6__EPI1772163,65C6,EPI1772163
AVFluIgG03__EPI2116742,AVFluIgG03,EPI2116742
12H5__EPI537677,12H5,EPI537677
AVFluIgG01__EPI2574086,AVFluIgG01,EPI2574086
12H5__EPI600770,12H5,EPI600770
FLD194__EPI687187,FLD194,EPI687187
H5M9__EPI371190,H5M9,EPI371190
AVFluIgG03__EPI2580066,AVFluIgG03,EPI2580066
H5.3__EPI2580054,H5.3,EPI2580054
12H5__EPI275822,12H5,EPI275822
13D4__EPI22793,13D4,EPI22793
3C11__EPI321328,3C11,EPI321328
AVFluIgG03__EPI283783,AVFluIgG03,EPI283783
H5.3__EPI675773,H5.3,EPI675773
13D4__EPI257055,13D4,EPI257055
12H5__EPI167665,12H5,EPI167665
H5.3__EPI1303228,H5.3,EPI1303228
H5M9__EPI1156382,H5M9,EPI1156382
13D4__EPI4801,13D4,EPI4801
FLD21.140__EPI257053,FLD21.140,EPI257053
12H5__EPI226841,12H5,EPI226841
FLD194__EPI275990,FLD194,EPI275990
65C6__EPI127738,65C6,EPI127738
H5.3__EPI2437377,H5.3,EPI2437377
FLD194__EPI1772163,FLD194,EPI1772163
65C6__EPI222018,65C6,EPI222018
AVFluIgG03__EPI398310,AVFluIgG03,EPI398310
H5.3__EPI653115,H5.3,EPI653115
3C11__EPI331854,3C11,EPI331854
12H5__EPI107813,12H5,EPI107813
H5.3__EPI3009174,H5.3,EPI3009174
FLD194__EPI1552374,FLD194,EPI1552374
12H5__EPI354429,12H5,EPI354429
3C11__EPI354429,3C11,EPI354429
12H5__EPI167553,12H5,EPI167553
100F4__EPI589108,100F4,EPI589108
FLD194__EPI287236,FLD194,EPI287236
H5M9__EPI22627,H5M9,EPI22627
13D4__EPI940674,13D4,EPI940674
FLD194__EPI226841,FLD194,EPI226841
100F4__EPI398310,100F4,EPI398310
H5.3__EPI1517056,H5.3,EPI1517056
AVFluIgG03__EPI257059,AVFluIgG03,EPI257059
H5.3__EPI839728,H5.3,EPI839728
65C6__EPI275822,65C6,EPI275822
100F4__EPI25011,100F4,EPI25011
13D4__EPI476972,13D4,EPI476972
H5M9__EPI340788,H5M9,EPI340788
H5M9__EPI2584443,H5M9,EPI2584443
H5.3__EPI1989804,H5.3,EPI1989804
12H5__EPI235171,12H5,EPI235171
12H5__EPI239055,12H5,EPI239055
100F4__EPI1694134,100F4,EPI1694134
H5M9__EPI2574086,H5M9,EPI2574086
FLD194__EPI355443,FLD194,EPI355443
65C6__EPI235171,65C6,EPI235171
65C6__EPI2580092,65C6,EPI2580092
AVFluIgG03__EPI533388,AVFluIgG03,EPI533388
FLD21.140__EPI1156382,FLD21.140,EPI1156382
12H5__EPI356510,12H5,EPI356510
100F4__EPI97199,100F4,EPI97199
12H5__EPI2429052,12H5,EPI2429052
H5.3__EPI242227,H5.3,EPI242227
AVFluIgG03__EPI2800361,AVFluIgG03,EPI2800361
FLD21.140__EPI597820,FLD21.140,EPI597820
100F4__EPI259006,100F4,EPI259006
12H5__EPI369182,12H5,EPI369182
FLD194__EPI259006,FLD194,EPI259006
H5.3__EPI340796,H5.3,EPI340796
3C11__EPI1552374,3C11,EPI1552374
AVFluIgG01__EPI597820,AVFluIgG01,EPI597820
12H5__EPI275862,12H5,EPI275862
12H5__EPI1772163,12H5,EPI1772163
H5M9__EPI359864,H5M9,EPI359864
13D4__EPI3178330,13D4,EPI3178330
AVFluIgG01__EPI2467482,AVFluIgG01,EPI2467482
3C11__EPI2300436,3C11,EPI2300436
FLD21.140__EPI2580187,FLD21.140,EPI2580187
H5M9__EPI331854,H5M9,EPI331854
H5M9__EPI254385,H5M9,EPI254385
FLD194__EPI2467482,FLD194,EPI2467482
13D4__EPI275990,13D4,EPI275990
H5M9__EPI940674,H5M9,EPI940674
FLD21.140__EPI359882,FLD21.140,EPI359882
100F4__EPI125662,100F4,EPI125662
FLD21.140__EPI940674,FLD21.140,EPI940674
H5M9__EPI1947325,H5M9,EPI1947325
FLD194__EPI310238,FLD194,EPI310238
H5M9__EPI398310,H5M9,EPI398310
AVFluIgG01__EPI287236,AVFluIgG01,EPI287236
65C6__EPI359867,65C6,EPI359867
12H5__EPI275790,12H5,EPI275790
H5.3__EPI476972,H5.3,EPI476972
H5.3__EPI125662,H5.3,EPI125662
FLD21.140__EPI2580091,FLD21.140,EPI2580091
H5M9__EPI2017747,H5M9,EPI2017747
12H5__EPI658567,12H5,EPI658567
AVFluIgG03__EPI287236,AVFluIgG03,EPI287236
100F4__EPI471131,100F4,EPI471131
FLD21.140__EPI310238,FLD21.140,EPI310238
12H5__EPI1328383,12H5,EPI1328383
FLD21.140__EPI476972,FLD21.140,EPI476972
13D4__EPI2419700,13D4,EPI2419700
65C6__EPI559109,65C6,EPI559109
H5M9__EPI2580092,H5M9,EPI2580092
FLD194__EPI2017747,FLD194,EPI2017747
13D4__EPI259006,13D4,EPI259006
100F4__EPI1328383,100F4,EPI1328383
AVFluIgG01__EPI448231,AVFluIgG01,EPI448231
FLD21.140__EPI283783,FLD21.140,EPI283783
12H5__EPI234494,12H5,EPI234494
100F4__EPI2116742,100F4,EPI2116742
65C6__EPI2580134,65C6,EPI2580134
FLD21.140__EPI287236,FLD21.140,EPI287236
13D4__EPI597820,13D4,EPI597820
3C11__EPI448231,3C11,EPI448231
H5M9__EPI471131,H5M9,EPI471131
100F4__EPI1156382,100F4,EPI1156382
12H5__EPI2144291,12H5,EPI2144291
FLD194__EPI109421,FLD194,EPI109421
H5.3__EPI2580092,H5.3,EPI2580092
13D4__EPI1989804,13D4,EPI1989804
FLD194__EPI2580134,FLD194,EPI2580134
AVFluIgG03__EPI4801,AVFluIgG03,EPI4801
FLD194__EPI471131,FLD194,EPI471131
100F4__EPI123402,100F4,EPI123402
H5M9__EPI593757,H5M9,EPI593757
AVFluIgG03__EPI2580115,AVFluIgG03,EPI2580115
100F4__EPI101843,100F4,EPI101843
AVFluIgG03__EPI234497,AVFluIgG03,EPI234497
12H5__EPI284432,12H5,EPI284432
FLD194__EPI764389,FLD194,EPI764389
H5M9__EPI125662,H5M9,EPI125662
100F4__EPI2580092,100F4,EPI2580092
H5.3__EPI420386,H5.3,EPI420386
AVFluIgG03__EPI2856448,AVFluIgG03,EPI2856448
100F4__EPI658567,100F4,EPI658567
AVFluIgG03__EPI1772163,AVFluIgG03,EPI1772163
100F4__EPI420386,100F4,EPI420386
FLD194__EPI101477,FLD194,EPI101477
3C11__EPI235171,3C11,EPI235171
H5.3__EPI893474,H5.3,EPI893474
FLD194__EPI2574086,FLD194,EPI2574086
FLD194__EPI398310,FLD194,EPI398310
13D4__EPI331854,13D4,EPI331854
H5M9__EPI2035785,H5M9,EPI2035785
13D4__EPI1328383,13D4,EPI1328383
12H5__EPI123402,12H5,EPI123402
12H5__EPI2035785,12H5,EPI2035785
100F4__EPI1517056,100F4,EPI1517056
H5.3__EPI257058,H5.3,EPI257058
AVFluIgG01__EPI125662,AVFluIgG01,EPI125662
AVFluIgG03__EPI221986,AVFluIgG03,EPI221986
FLD21.140__EPI22793,FLD21.140,EPI22793
AVFluIgG03__EPI310238,AVFluIgG03,EPI310238
65C6__EPI116497,65C6,EPI116497
FLD194__EPI234497,FLD194,EPI234497
AVFluIgG01__EPI331854,AVFluIgG01,EPI331854
FLD194__EPI25076,FLD194,EPI25076
AVFluIgG01__EPI341364,AVFluIgG01,EPI341364
3C11__EPI4795,3C11,EPI4795
65C6__EPI1536787,65C6,EPI1536787
AVFluIgG01__EPI275782,AVFluIgG01,EPI275782
AVFluIgG03__EPI109421,AVFluIgG03,EPI109421
AVFluIgG03__EPI475563,AVFluIgG03,EPI475563
100F4__EPI355443,100F4,EPI355443
AVFluIgG03__EPI107813,AVFluIgG03,EPI107813
AVFluIgG01__EPI2437377,AVFluIgG01,EPI2437377
AVFluIgG03__EPI235902,AVFluIgG03,EPI235902
3C11__EPI2574086,3C11,EPI2574086
AVFluIgG01__EPI116497,AVFluIgG01,EPI116497
FLD21.140__EPI21066,FLD21.140,EPI21066
FLD21.140__EPI105698,FLD21.140,EPI105698
FLD21.140__EPI22627,FLD21.140,EPI22627
FLD194__EPI222018,FLD194,EPI222018
12H5__EPI22627,12H5,EPI22627
12H5__EPI341364,12H5,EPI341364
3C11__EPI476972,3C11,EPI476972
100F4__EPI1947325,100F4,EPI1947325
100F4__EPI22793,100F4,EPI22793
AVFluIgG03__EPI533427,AVFluIgG03,EPI533427
3C11__EPI222018,3C11,EPI222018
3C11__EPI239055,3C11,EPI239055
12H5__EPI1990120,12H5,EPI1990120
H5M9__EPI3009059,H5M9,EPI3009059
FLD21.140__EPI1772163,FLD21.140,EPI1772163
13D4__EPI127738,13D4,EPI127738
H5.3__EPI254385,H5.3,EPI254385
AVFluIgG03__EPI25076,AVFluIgG03,EPI25076
H5M9__EPI687187,H5M9,EPI687187
13D4__EPI4795,13D4,EPI4795
100F4__EPI25072,100F4,EPI25072
65C6__EPI356510,65C6,EPI356510
100F4__EPI254385,100F4,EPI254385
100F4__EPI235072,100F4,EPI235072
12H5__EPI475563,12H5,EPI475563
FLD21.140__EPI398581,FLD21.140,EPI398581
AVFluIgG03__EPI2198548,AVFluIgG03,EPI2198548
FLD194__EPI1156382,FLD194,EPI1156382
FLD194__EPI2017755,FLD194,EPI2017755
H5M9__EPI420386,H5M9,EPI420386
100F4__EPI235902,100F4,EPI235902
FLD194__EPI321328,FLD194,EPI321328
H5M9__EPI22793,H5M9,EPI22793
65C6__EPI234494,65C6,EPI234494
AVFluIgG01__EPI533432,AVFluIgG01,EPI533432
FLD21.140__EPI254385,FLD21.140,EPI254385
AVFluIgG01__EPI369182,AVFluIgG01,EPI369182
13D4__EPI101875,13D4,EPI101875
100F4__EPI359214,100F4,EPI359214
12H5__EPI533427,12H5,EPI533427
FLD21.140__EPI2017778,FLD21.140,EPI2017778
13D4__EPI9640,13D4,EPI9640
FLD21.140__EPI2437547,FLD21.140,EPI2437547
H5M9__EPI2437547,H5M9,EPI2437547
12H5__EPI275990,12H5,EPI275990
12H5__EPI2580113,12H5,EPI2580113
AVFluIgG03__EPI25072,AVFluIgG03,EPI25072
FLD21.140__EPI559098,FLD21.140,EPI559098
12H5__EPI226839,12H5,EPI226839
12H5__EPI2574086,12H5,EPI2574086
H5.3__EPI1552374,H5.3,EPI1552374
H5M9__EPI2580091,H5M9,EPI2580091
65C6__EPI475563,65C6,EPI475563
12H5__EPI275782,12H5,EPI275782
100F4__EPI222018,100F4,EPI222018
H5.3__EPI2580115,H5.3,EPI2580115
H5.3__EPI658567,H5.3,EPI658567
FLD194__EPI533388,FLD194,EPI533388
AVFluIgG01__EPI1517056,AVFluIgG01,EPI1517056
100F4__EPI25076,100F4,EPI25076
AVFluIgG01__EPI492324,AVFluIgG01,EPI492324
FLD194__EPI341364,FLD194,EPI341364
AVFluIgG03__EPI2017778,AVFluIgG03,EPI2017778
100F4__EPI1989804,100F4,EPI1989804
65C6__EPI559078,65C6,EPI559078
13D4__EPI369182,13D4,EPI369182
FLD21.140__EPI3178330,FLD21.140,EPI3178330
13D4__EPI492324,13D4,EPI492324
FLD194__EPI1989804,FLD194,EPI1989804
H5.3__EPI105698,H5.3,EPI105698
12H5__EPI2198548,12H5,EPI2198548
13D4__EPI321295,13D4,EPI321295
13D4__EPI116497,13D4,EPI116497
FLD194__EPI658567,FLD194,EPI658567
100F4__EPI533427,100F4,EPI533427
3C11__EPI123402,3C11,EPI123402
65C6__EPI257055,65C6,EPI257055
12H5__EPI2437547,12H5,EPI2437547
3C11__EPI2116742,3C11,EPI2116742
AVFluIgG01__EPI234494,AVFluIgG01,EPI234494
12H5__EPI275878,12H5,EPI275878
65C6__EPI3178330,65C6,EPI3178330
12H5__EPI168674,12H5,EPI168674
13D4__EPI257054,13D4,EPI257054
65C6__EPI687187,65C6,EPI687187
12H5__EPI9640,12H5,EPI9640
FLD194__EPI101875,FLD194,EPI101875
FLD21.140__EPI2800377,FLD21.140,EPI2800377
100F4__EPI107843,100F4,EPI107843
3C11__EPI2035785,3C11,EPI2035785
AVFluIgG03__EPI687187,AVFluIgG03,EPI687187
H5M9__EPI2198548,H5M9,EPI2198548
AVFluIgG01__EPI675773,AVFluIgG01,EPI675773
FLD21.140__EPI340399,FLD21.140,EPI340399
65C6__EPI331854,65C6,EPI331854
3C11__EPI226841,3C11,EPI226841
H5M9__EPI328886,H5M9,EPI328886
FLD21.140__EPI808932,FLD21.140,EPI808932
H5M9__EPI354429,H5M9,EPI354429
3C11__EPI1328383,3C11,EPI1328383
H5.3__EPI2573872,H5.3,EPI2573872
AVFluIgG03__EPI275974,AVFluIgG03,EPI275974
65C6__EPI314033,65C6,EPI314033
3C11__EPI559078,3C11,EPI559078
AVFluIgG01__EPI2580066,AVFluIgG01,EPI2580066
H5.3__EPI2144291,H5.3,EPI2144291
100F4__EPI559098,100F4,EPI559098
100F4__EPI764389,100F4,EPI764389
AVFluIgG01__EPI321295,AVFluIgG01,EPI321295
AVFluIgG03__EPI359880,AVFluIgG03,EPI359880
3C11__EPI167553,3C11,EPI167553
H5.3__EPI398581,H5.3,EPI398581
FLD21.140__EPI168674,FLD21.140,EPI168674
12H5__EPI559078,12H5,EPI559078
65C6__EPI239055,65C6,EPI239055
65C6__EPI533388,65C6,EPI533388
H5.3__EPI109421,H5.3,EPI109421
65C6__EPI940674,65C6,EPI940674
65C6__EPI2800377,65C6,EPI2800377
H5M9__EPI284432,H5M9,EPI284432
AVFluIgG01__EPI1158808,AVFluIgG01,EPI1158808
H5M9__EPI476972,H5M9,EPI476972
3C11__EPI1772163,3C11,EPI1772163
3C11__EPI9640,3C11,EPI9640
100F4__EPI2300436,100F4,EPI2300436
65C6__EPI235072,65C6,EPI235072
H5.3__EPI226845,H5.3,EPI226845
3C11__EPI275878,3C11,EPI275878
FLD21.140__EPI259006,FLD21.140,EPI259006
FLD21.140__EPI1989804,FLD21.140,EPI1989804
H5M9__EPI257056,H5M9,EPI257056
AVFluIgG03__EPI259006,AVFluIgG03,EPI259006
13D4__EPI254385,13D4,EPI254385
H5M9__EPI359867,H5M9,EPI359867
AVFluIgG01__EPI25076,AVFluIgG01,EPI25076
FLD194__EPI559109,FLD194,EPI559109
12H5__EPI533432,12H5,EPI533432
FLD21.140__EPI2419700,FLD21.140,EPI2419700
12H5__EPI454493,12H5,EPI454493
100F4__EPI2429052,100F4,EPI2429052
AVFluIgG01__EPI1328383,AVFluIgG01,EPI1328383
FLD21.140__EPI2580092,FLD21.140,EPI2580092
100F4__EPI1989697,100F4,EPI1989697
3C11__EPI2017755,3C11,EPI2017755
H5.3__EPI1990120,H5.3,EPI1990120
H5.3__EPI369182,H5.3,EPI369182
FLD21.140__EPI2300436,FLD21.140,EPI2300436
FLD21.140__EPI537677,FLD21.140,EPI537677
H5M9__EPI21066,H5M9,EPI21066
13D4__EPI335206,13D4,EPI335206
H5M9__EPI589108,H5M9,EPI589108
12H5__EPI559109,12H5,EPI559109
100F4__EPI331854,100F4,EPI331854
13D4__EPI1381432,13D4,EPI1381432
12H5__EPI287236,12H5,EPI287236
12H5__EPI597820,12H5,EPI597820
12H5__EPI116497,12H5,EPI116497
FLD21.140__EPI25011,FLD21.140,EPI25011
FLD194__EPI22793,FLD194,EPI22793
100F4__EPI359880,100F4,EPI359880
H5.3__EPI359214,H5.3,EPI359214
3C11__EPI593757,3C11,EPI593757
3C11__EPI254385,3C11,EPI254385
H5M9__EPI105698,H5M9,EPI105698
FLD21.140__EPI275862,FLD21.140,EPI275862
H5.3__EPI167665,H5.3,EPI167665
100F4__EPI275878,100F4,EPI275878
AVFluIgG03__EPI533432,AVFluIgG03,EPI533432
AVFluIgG03__EPI600770,AVFluIgG03,EPI600770
FLD194__EPI257058,FLD194,EPI257058
FLD194__EPI354429,FLD194,EPI354429
H5.3__EPI22793,H5.3,EPI22793
FLD21.140__EPI243001,FLD21.140,EPI243001
H5M9__EPI275878,H5M9,EPI275878
AVFluIgG03__EPI2580084,AVFluIgG03,EPI2580084
65C6__EPI275990,65C6,EPI275990
H5.3__EPI284432,H5.3,EPI284432
H5M9__EPI658567,H5M9,EPI658567
12H5__EPI2437377,12H5,EPI2437377
FLD194__EPI167553,FLD194,EPI167553
3C11__EPI2144291,3C11,EPI2144291
3C11__EPI2800361,3C11,EPI2800361
FLD194__EPI1650,FLD194,EPI1650
FLD194__EPI275782,FLD194,EPI275782
H5M9__EPI559098,H5M9,EPI559098
H5.3__EPI454493,H5.3,EPI454493
65C6__EPI340796,65C6,EPI340796
13D4__EPI101843,13D4,EPI101843
3C11__EPI97199,3C11,EPI97199
100F4__EPI2017755,100F4,EPI2017755
13D4__EPI239055,13D4,EPI239055
13D4__EPI257053,13D4,EPI257053
12H5__EPI3178330,12H5,EPI3178330
13D4__EPI275878,13D4,EPI275878
13D4__EPI25011,13D4,EPI25011
13D4__EPI356510,13D4,EPI356510
65C6__EPI2580054,65C6,EPI2580054
100F4__EPI2017747,100F4,EPI2017747
AVFluIgG03__EPI2800377,AVFluIgG03,EPI2800377
AVFluIgG03__EPI331854,AVFluIgG03,EPI331854
H5.3__EPI2035785,H5.3,EPI2035785
FLD194__EPI321295,FLD194,EPI321295
AVFluIgG01__EPI254385,AVFluIgG01,EPI254385
3C11__EPI1381432,3C11,EPI1381432
65C6__EPI341364,65C6,EPI341364
65C6__EPI398581,65C6,EPI398581
AVFluIgG01__EPI101875,AVFluIgG01,EPI101875
3C11__EPI658567,3C11,EPI658567
FLD21.140__EPI275878,FLD21.140,EPI275878
13D4__EPI893474,13D4,EPI893474
13D4__EPI25072,13D4,EPI25072
AVFluIgG01__EPI589108,AVFluIgG01,EPI589108
13D4__EPI257056,13D4,EPI257056
AVFluIgG01__EPI259006,AVFluIgG01,EPI259006
65C6__EPI3009059,65C6,EPI3009059
H5.3__EPI2584443,H5.3,EPI2584443
FLD21.140__EPI4795,FLD21.140,EPI4795
FLD194__EPI593757,FLD194,EPI593757
65C6__EPI9640,65C6,EPI9640
12H5__EPI109421,12H5,EPI109421
AVFluIgG01__EPI1650,AVFluIgG01,EPI1650
100F4__EPI168674,100F4,EPI168674
3C11__EPI1303228,3C11,EPI1303228
3C11__EPI597820,3C11,EPI597820
100F4__EPI275822,100F4,EPI275822
12H5__EPI2419700,12H5,EPI2419700
H5.3__EPI2437547,H5.3,EPI2437547
3C11__EPI2198548,3C11,EPI2198548
13D4__EPI2580092,13D4,EPI2580092
FLD194__EPI243001,FLD194,EPI243001
H5.3__EPI354429,H5.3,EPI354429
65C6__EPI369182,65C6,EPI369182
65C6__EPI2580113,65C6,EPI2580113
FLD21.140__EPI1158808,FLD21.140,EPI1158808
13D4__EPI287236,13D4,EPI287236
100F4__EPI3009174,100F4,EPI3009174
H5.3__EPI1887774,H5.3,EPI1887774
12H5__EPI2580084,12H5,EPI2580084
12H5__EPI101843,12H5,EPI101843
AVFluIgG03__EPI2017747,AVFluIgG03,EPI2017747
13D4__EPI341364,13D4,EPI341364
H5.3__EPI2574086,H5.3,EPI2574086
AVFluIgG03__EPI653115,AVFluIgG03,EPI653115
12H5__EPI2580115,12H5,EPI2580115
AVFluIgG01__EPI1772163,AVFluIgG01,EPI1772163
AVFluIgG01__EPI321328,AVFluIgG01,EPI321328
12H5__EPI2580092,12H5,EPI2580092
65C6__EPI21066,65C6,EPI21066
12H5__EPI21062,12H5,EPI21062
100F4__EPI275990,100F4,EPI275990
13D4__EPI226839,13D4,EPI226839
AVFluIgG01__EPI2035782,AVFluIgG01,EPI2035782
AVFluIgG01__EPI359880,AVFluIgG01,EPI359880
FLD194__EPI533432,FLD194,EPI533432
13D4__EPI764389,13D4,EPI764389
FLD194__EPI359882,FLD194,EPI359882
FLD21.140__EPI2198548,FLD21.140,EPI2198548
H5M9__EPI116497,H5M9,EPI116497
FLD194__EPI839728,FLD194,EPI839728
3C11__EPI420386,3C11,EPI420386
13D4__EPI226845,13D4,EPI226845
12H5__EPI340788,12H5,EPI340788
H5.3__EPI21062,H5.3,EPI21062
3C11__EPI257053,3C11,EPI257053
AVFluIgG01__EPI2580134,AVFluIgG01,EPI2580134
AVFluIgG03__EPI2580113,AVFluIgG03,EPI2580113
H5.3__EPI1381432,H5.3,EPI1381432
H5M9__EPI2580054,H5M9,EPI2580054
3C11__EPI559109,3C11,EPI559109
AVFluIgG03__EPI275862,AVFluIgG03,EPI275862
13D4__EPI2800361,13D4,EPI2800361
13D4__EPI355443,13D4,EPI355443
65C6__EPI1156382,65C6,EPI1156382
100F4__EPI2580084,100F4,EPI2580084
H5.3__EPI259006,H5.3,EPI259006
100F4__EPI1887774,100F4,EPI1887774
FLD194__EPI589108,FLD194,EPI589108
H5.3__EPI2035782,H5.3,EPI2035782
AVFluIgG01__EPI235072,AVFluIgG01,EPI235072
FLD21.140__EPI222476,FLD21.140,EPI222476
H5.3__EPI593757,H5.3,EPI593757
3C11__EPI2580084,3C11,EPI2580084
13D4__EPI21066,13D4,EPI21066
FLD21.140__EPI2437377,FLD21.140,EPI2437377
AVFluIgG03__EPI559098,AVFluIgG03,EPI559098
65C6__EPI283783,65C6,EPI283783
100F4__EPI340788,100F4,EPI340788
AVFluIgG03__EPI123402,AVFluIgG03,EPI123402
100F4__EPI2584443,100F4,EPI2584443
65C6__EPI221986,65C6,EPI221986
FLD21.140__EPI226839,FLD21.140,EPI226839
13D4__EPI25076,13D4,EPI25076
AVFluIgG01__EPI101477,AVFluIgG01,EPI101477
AVFluIgG03__EPI537677,AVFluIgG03,EPI537677
FLD21.140__EPI9640,FLD21.140,EPI9640
3C11__EPI340796,3C11,EPI340796
FLD21.140__EPI239055,FLD21.140,EPI239055
13D4__EPI2573872,13D4,EPI2573872
3C11__EPI398581,3C11,EPI398581
AVFluIgG01__EPI2580113,AVFluIgG01,EPI2580113
3C11__EPI21066,3C11,EPI21066
FLD21.140__EPI2574086,FLD21.140,EPI2574086
12H5__EPI2580187,12H5,EPI2580187
H5.3__EPI287236,H5.3,EPI287236
H5M9__EPI2429052,H5M9,EPI2429052
100F4__EPI257054,100F4,EPI257054
100F4__EPI2017778,100F4,EPI2017778
13D4__EPI107813,13D4,EPI107813
H5M9__EPI600770,H5M9,EPI600770
FLD194__EPI808932,FLD194,EPI808932
